hotel,country,deposit_type,total,country_code,latitude,longitude
City Hotel,Colombia,No Deposit,2.0,CO,4.570868,-74.297333
Resort Hotel,Portugal,No Deposit,2.0,PT,39.399872,-8.224454
City Hotel,United States,No Deposit,2.0,US,37.09024,-95.712891
City Hotel,Portugal,Non Refund,2.0,PT,39.399872,-8.224454
City Hotel,France,No Deposit,3.0,FR,46.227638,2.213749
Resort Hotel,Spain,No Deposit,1.0,ES,40.463667,-3.74922
City Hotel,Portugal,No Deposit,2.0,PT,39.399872,-8.224454
City Hotel,Spain,No Deposit,2.0,ES,40.463667,-3.74922
City Hotel,Brazil,No Deposit,2.0,BR,-14.235004,-51.92528
City Hotel,France,No Deposit,2.0,FR,46.227638,2.213749
City Hotel,Portugal,No Deposit,1.0,PT,39.399872,-8.224454
Resort Hotel,United Kingdom,No Deposit,2.0,GB,55.378051,-3.435973
Resort Hotel,Portugal,No Deposit,4.0,PT,39.399872,-8.224454
City Hotel,Portugal,No Deposit,1.0,PT,39.399872,-8.224454
City Hotel,United Kingdom,No Deposit,3.0,GB,55.378051,-3.435973
Resort Hotel,Spain,No Deposit,4.0,ES,40.463667,-3.74922
City Hotel,Norway,No Deposit,1.0,NO,60.472024,8.468946
Resort Hotel,Italy,No Deposit,1.0,IT,41.87194,12.56738
City Hotel,United Kingdom,No Deposit,2.0,GB,55.378051,-3.435973
City Hotel,Germany,No Deposit,2.0,DE,51.165691,10.451526
Resort Hotel,Portugal,No Deposit,1.0,PT,39.399872,-8.224454
City Hotel,Portugal,Non Refund,2.0,PT,39.399872,-8.224454
Resort Hotel,Germany,No Deposit,1.0,DE,51.165691,10.451526
City Hotel,Portugal,Non Refund,1.0,PT,39.399872,-8.224454
City Hotel,Italy,No Deposit,2.0,IT,41.87194,12.56738
City Hotel,France,No Deposit,2.0,FR,46.227638,2.213749
City Hotel,Norway,No Deposit,2.0,NO,60.472024,8.468946
City Hotel,France,No Deposit,2.0,FR,46.227638,2.213749
City Hotel,Portugal,Non Refund,2.0,PT,39.399872,-8.224454
City Hotel,Portugal,Non Refund,1.0,PT,39.399872,-8.224454
Resort Hotel,Ireland,No Deposit,2.0,IE,53.41291,-8.24389
City Hotel,Pakistan,No Deposit,2.0,PK,30.375321,69.345116
Resort Hotel,Portugal,No Deposit,2.0,PT,39.399872,-8.224454
Resort Hotel,Portugal,No Deposit,2.0,PT,39.399872,-8.224454
Resort Hotel,Portugal,No Deposit,1.0,PT,39.399872,-8.224454
Resort Hotel,France,No Deposit,1.0,FR,46.227638,2.213749
Resort Hotel,Portugal,No Deposit,2.0,PT,39.399872,-8.224454
City Hotel,Brazil,No Deposit,3.0,BR,-14.235004,-51.92528
Resort Hotel,Spain,No Deposit,2.0,ES,40.463667,-3.74922
City Hotel,Malaysia,No Deposit,2.0,MY,4.210484,101.975766
Resort Hotel,Portugal,No Deposit,2.0,PT,39.399872,-8.224454
Resort Hotel,Portugal,No Deposit,2.0,PT,39.399872,-8.224454
Resort Hotel,Portugal,No Deposit,2.0,PT,39.399872,-8.224454
City Hotel,France,No Deposit,1.0,FR,46.227638,2.213749
City Hotel,Israel,No Deposit,1.0,IL,31.046051,34.851612
Resort Hotel,Portugal,No Deposit,2.0,PT,39.399872,-8.224454
City Hotel,Norway,No Deposit,2.0,NO,60.472024,8.468946
City Hotel,Israel,No Deposit,2.0,IL,31.046051,34.851612
City Hotel,Portugal,Non Refund,2.0,PT,39.399872,-8.224454
City Hotel,Portugal,No Deposit,2.0,PT,39.399872,-8.224454
City Hotel,United Kingdom,No Deposit,2.0,GB,55.378051,-3.435973
Resort Hotel,Portugal,Non Refund,2.0,PT,39.399872,-8.224454
City Hotel,Germany,No Deposit,2.0,DE,51.165691,10.451526
City Hotel,Portugal,Non Refund,1.0,PT,39.399872,-8.224454
City Hotel,France,No Deposit,2.0,FR,46.227638,2.213749
Resort Hotel,United Kingdom,No Deposit,2.0,GB,55.378051,-3.435973
Resort Hotel,Portugal,No Deposit,2.0,PT,39.399872,-8.224454
City Hotel,Netherlands,No Deposit,2.0,NL,52.132633,5.291266
City Hotel,Spain,No Deposit,2.0,ES,40.463667,-3.74922
Resort Hotel,Switzerland,No Deposit,2.0,CH,46.818188,8.227512
City Hotel,Italy,No Deposit,3.0,IT,41.87194,12.56738
City Hotel,Portugal,Non Refund,2.0,PT,39.399872,-8.224454
Resort Hotel,Portugal,No Deposit,1.0,PT,39.399872,-8.224454
City Hotel,Brazil,No Deposit,3.0,BR,-14.235004,-51.92528
Resort Hotel,France,No Deposit,2.0,FR,46.227638,2.213749
Resort Hotel,Portugal,No Deposit,2.0,PT,39.399872,-8.224454
City Hotel,Italy,No Deposit,2.0,IT,41.87194,12.56738
Resort Hotel,Portugal,No Deposit,2.0,PT,39.399872,-8.224454
Resort Hotel,Portugal,Non Refund,2.0,PT,39.399872,-8.224454
City Hotel,France,No Deposit,3.0,FR,46.227638,2.213749
Resort Hotel,Portugal,No Deposit,1.0,PT,39.399872,-8.224454
City Hotel,Portugal,Non Refund,2.0,PT,39.399872,-8.224454
Resort Hotel,Spain,No Deposit,2.0,ES,40.463667,-3.74922
Resort Hotel,Portugal,No Deposit,2.0,PT,39.399872,-8.224454
City Hotel,Portugal,No Deposit,1.0,PT,39.399872,-8.224454
City Hotel,Cyprus,No Deposit,1.0,CY,35.126413,33.429859
City Hotel,Portugal,Non Refund,2.0,PT,39.399872,-8.224454
City Hotel,Poland,No Deposit,2.0,PL,51.919438,19.145136
City Hotel,Portugal,No Deposit,3.0,PT,39.399872,-8.224454
City Hotel,Portugal,No Deposit,2.0,PT,39.399872,-8.224454
Resort Hotel,United Kingdom,No Deposit,2.0,GB,55.378051,-3.435973
City Hotel,France,No Deposit,2.0,FR,46.227638,2.213749
Resort Hotel,Germany,No Deposit,2.0,DE,51.165691,10.451526
City Hotel,Jordan,No Deposit,2.0,JO,30.585164,36.238414
City Hotel,Portugal,Non Refund,2.0,PT,39.399872,-8.224454
City Hotel,France,No Deposit,2.0,FR,46.227638,2.213749
City Hotel,United States,No Deposit,2.0,US,37.09024,-95.712891
City Hotel,Portugal,Non Refund,2.0,PT,39.399872,-8.224454
City Hotel,Portugal,No Deposit,2.0,PT,39.399872,-8.224454
City Hotel,France,No Deposit,2.0,FR,46.227638,2.213749
City Hotel,Portugal,No Deposit,2.0,PT,39.399872,-8.224454
City Hotel,France,No Deposit,2.0,FR,46.227638,2.213749
City Hotel,Portugal,No Deposit,2.0,PT,39.399872,-8.224454
City Hotel,Portugal,No Deposit,2.0,PT,39.399872,-8.224454
City Hotel,United Kingdom,No Deposit,1.0,GB,55.378051,-3.435973
City Hotel,Italy,No Deposit,2.0,IT,41.87194,12.56738
City Hotel,Portugal,No Deposit,2.0,PT,39.399872,-8.224454
City Hotel,France,No Deposit,2.0,FR,46.227638,2.213749
City Hotel,Portugal,Non Refund,1.0,PT,39.399872,-8.224454
City Hotel,Portugal,Non Refund,2.0,PT,39.399872,-8.224454
City Hotel,Belgium,No Deposit,1.0,BE,50.503887,4.469936
City Hotel,Germany,No Deposit,2.0,DE,51.165691,10.451526
City Hotel,Netherlands,No Deposit,2.0,NL,52.132633,5.291266
City Hotel,Portugal,No Deposit,2.0,PT,39.399872,-8.224454
Resort Hotel,France,No Deposit,2.0,FR,46.227638,2.213749
Resort Hotel,Spain,No Deposit,2.0,ES,40.463667,-3.74922
Resort Hotel,Portugal,No Deposit,2.0,PT,39.399872,-8.224454
City Hotel,Portugal,Non Refund,2.0,PT,39.399872,-8.224454
City Hotel,Germany,No Deposit,3.0,DE,51.165691,10.451526
City Hotel,Portugal,Non Refund,1.0,PT,39.399872,-8.224454
City Hotel,Portugal,No Deposit,2.0,PT,39.399872,-8.224454
City Hotel,Italy,No Deposit,1.0,IT,41.87194,12.56738
Resort Hotel,Portugal,Non Refund,2.0,PT,39.399872,-8.224454
City Hotel,United States,No Deposit,3.0,US,37.09024,-95.712891
Resort Hotel,Pakistan,No Deposit,2.0,PK,30.375321,69.345116
City Hotel,France,No Deposit,3.0,FR,46.227638,2.213749
City Hotel,Switzerland,No Deposit,2.0,CH,46.818188,8.227512
Resort Hotel,Portugal,Non Refund,1.0,PT,39.399872,-8.224454
Resort Hotel,Portugal,No Deposit,1.0,PT,39.399872,-8.224454
City Hotel,Germany,No Deposit,2.0,DE,51.165691,10.451526
Resort Hotel,Portugal,No Deposit,2.0,PT,39.399872,-8.224454
City Hotel,Portugal,No Deposit,2.0,PT,39.399872,-8.224454
Resort Hotel,Portugal,No Deposit,2.0,PT,39.399872,-8.224454
City Hotel,Portugal,No Deposit,1.0,PT,39.399872,-8.224454
City Hotel,Germany,No Deposit,3.0,DE,51.165691,10.451526
City Hotel,Portugal,Non Refund,2.0,PT,39.399872,-8.224454
City Hotel,Russian Federation,No Deposit,2.0,RU,61.52401,105.318756
City Hotel,Netherlands,No Deposit,2.0,NL,52.132633,5.291266
City Hotel,United States,No Deposit,2.0,US,37.09024,-95.712891
City Hotel,France,No Deposit,2.0,FR,46.227638,2.213749
Resort Hotel,Spain,No Deposit,4.0,ES,40.463667,-3.74922
Resort Hotel,Portugal,Non Refund,2.0,PT,39.399872,-8.224454
Resort Hotel,Spain,No Deposit,2.0,ES,40.463667,-3.74922
City Hotel,United Kingdom,No Deposit,1.0,GB,55.378051,-3.435973
Resort Hotel,Italy,No Deposit,1.0,IT,41.87194,12.56738
Resort Hotel,Portugal,No Deposit,3.0,PT,39.399872,-8.224454
Resort Hotel,United Kingdom,No Deposit,2.0,GB,55.378051,-3.435973
Resort Hotel,Portugal,No Deposit,2.0,PT,39.399872,-8.224454
Resort Hotel,Portugal,Non Refund,2.0,PT,39.399872,-8.224454
Resort Hotel,Portugal,No Deposit,2.0,PT,39.399872,-8.224454
City Hotel,Italy,No Deposit,0.0,IT,41.87194,12.56738
City Hotel,Portugal,No Deposit,2.0,PT,39.399872,-8.224454
Resort Hotel,Portugal,No Deposit,2.0,PT,39.399872,-8.224454
Resort Hotel,Serbia,No Deposit,2.0,RS,44.016521,21.005859
Resort Hotel,Portugal,Non Refund,1.0,PT,39.399872,-8.224454
Resort Hotel,Portugal,No Deposit,3.0,PT,39.399872,-8.224454
Resort Hotel,Portugal,No Deposit,4.0,PT,39.399872,-8.224454
City Hotel,United Kingdom,No Deposit,2.0,GB,55.378051,-3.435973
City Hotel,United Kingdom,No Deposit,2.0,GB,55.378051,-3.435973
City Hotel,Portugal,No Deposit,2.0,PT,39.399872,-8.224454
City Hotel,Germany,No Deposit,2.0,DE,51.165691,10.451526
City Hotel,Sweden,No Deposit,2.0,SE,60.128161,18.643501
City Hotel,Portugal,Non Refund,2.0,PT,39.399872,-8.224454
City Hotel,China,No Deposit,2.0,CN,35.86166,104.195397
Resort Hotel,United Kingdom,No Deposit,2.0,GB,55.378051,-3.435973
City Hotel,Portugal,No Deposit,2.0,PT,39.399872,-8.224454
City Hotel,Spain,No Deposit,2.0,ES,40.463667,-3.74922
City Hotel,Italy,No Deposit,3.0,IT,41.87194,12.56738
City Hotel,Portugal,Non Refund,2.0,PT,39.399872,-8.224454
City Hotel,Portugal,Non Refund,2.0,PT,39.399872,-8.224454
Resort Hotel,Spain,No Deposit,2.0,ES,40.463667,-3.74922
City Hotel,Germany,No Deposit,3.0,DE,51.165691,10.451526
Resort Hotel,Portugal,No Deposit,1.0,PT,39.399872,-8.224454
Resort Hotel,Portugal,No Deposit,2.0,PT,39.399872,-8.224454
City Hotel,Portugal,No Deposit,1.0,PT,39.399872,-8.224454
City Hotel,Portugal,No Deposit,2.0,PT,39.399872,-8.224454
City Hotel,Italy,No Deposit,2.0,IT,41.87194,12.56738
City Hotel,Portugal,No Deposit,2.0,PT,39.399872,-8.224454
City Hotel,Portugal,No Deposit,2.0,PT,39.399872,-8.224454
Resort Hotel,Portugal,No Deposit,2.0,PT,39.399872,-8.224454
City Hotel,China,No Deposit,2.0,CN,35.86166,104.195397
Resort Hotel,Portugal,No Deposit,1.0,PT,39.399872,-8.224454
Resort Hotel,Portugal,No Deposit,2.0,PT,39.399872,-8.224454
Resort Hotel,Portugal,No Deposit,2.0,PT,39.399872,-8.224454
Resort Hotel,United Kingdom,No Deposit,2.0,GB,55.378051,-3.435973
Resort Hotel,Finland,No Deposit,2.0,FI,61.92411,25.748151
City Hotel,Germany,No Deposit,2.0,DE,51.165691,10.451526
City Hotel,Portugal,Non Refund,2.0,PT,39.399872,-8.224454
City Hotel,United Kingdom,No Deposit,2.0,GB,55.378051,-3.435973
Resort Hotel,Switzerland,No Deposit,2.0,CH,46.818188,8.227512
Resort Hotel,Portugal,No Deposit,2.0,PT,39.399872,-8.224454
Resort Hotel,Portugal,No Deposit,2.0,PT,39.399872,-8.224454
City Hotel,Portugal,No Deposit,1.0,PT,39.399872,-8.224454
City Hotel,France,No Deposit,2.0,FR,46.227638,2.213749
Resort Hotel,Spain,No Deposit,2.0,ES,40.463667,-3.74922
Resort Hotel,Portugal,No Deposit,2.0,PT,39.399872,-8.224454
City Hotel,Portugal,No Deposit,2.0,PT,39.399872,-8.224454
City Hotel,Spain,No Deposit,2.0,ES,40.463667,-3.74922
City Hotel,Germany,No Deposit,2.0,DE,51.165691,10.451526
Resort Hotel,Spain,No Deposit,2.0,ES,40.463667,-3.74922
City Hotel,Spain,No Deposit,2.0,ES,40.463667,-3.74922
City Hotel,Italy,No Deposit,2.0,IT,41.87194,12.56738
City Hotel,Luxembourg,No Deposit,2.0,LU,49.815273,6.129583
City Hotel,Italy,No Deposit,2.0,IT,41.87194,12.56738
City Hotel,Portugal,Non Refund,2.0,PT,39.399872,-8.224454
Resort Hotel,Portugal,Non Refund,2.0,PT,39.399872,-8.224454
City Hotel,Germany,No Deposit,2.0,DE,51.165691,10.451526
City Hotel,China,No Deposit,2.0,CN,35.86166,104.195397
City Hotel,Spain,No Deposit,2.0,ES,40.463667,-3.74922
City Hotel,Portugal,No Deposit,2.0,PT,39.399872,-8.224454
Resort Hotel,Portugal,No Deposit,2.0,PT,39.399872,-8.224454
City Hotel,United States,No Deposit,2.0,US,37.09024,-95.712891
City Hotel,Spain,No Deposit,2.0,ES,40.463667,-3.74922
City Hotel,Czechia,No Deposit,1.0,CZ,49.817492,15.472962
Resort Hotel,Dominican Republic,No Deposit,2.0,DO,18.735693,-70.162651
City Hotel,Belgium,No Deposit,2.0,BE,50.503887,4.469936
City Hotel,France,No Deposit,2.0,FR,46.227638,2.213749
City Hotel,Belgium,No Deposit,3.0,BE,50.503887,4.469936
Resort Hotel,Netherlands,No Deposit,2.0,NL,52.132633,5.291266
City Hotel,United Kingdom,No Deposit,1.0,GB,55.378051,-3.435973
City Hotel,Germany,No Deposit,2.0,DE,51.165691,10.451526
City Hotel,Belgium,No Deposit,4.0,BE,50.503887,4.469936
City Hotel,Switzerland,No Deposit,2.0,CH,46.818188,8.227512
Resort Hotel,United Kingdom,No Deposit,2.0,GB,55.378051,-3.435973
City Hotel,Portugal,Non Refund,2.0,PT,39.399872,-8.224454
Resort Hotel,Ireland,No Deposit,2.0,IE,53.41291,-8.24389
City Hotel,Belgium,No Deposit,1.0,BE,50.503887,4.469936
City Hotel,Portugal,Non Refund,1.0,PT,39.399872,-8.224454
Resort Hotel,Spain,No Deposit,2.0,ES,40.463667,-3.74922
City Hotel,Portugal,Non Refund,1.0,PT,39.399872,-8.224454
City Hotel,Germany,No Deposit,1.0,DE,51.165691,10.451526
City Hotel,Portugal,Non Refund,1.0,PT,39.399872,-8.224454
City Hotel,Portugal,Non Refund,2.0,PT,39.399872,-8.224454
Resort Hotel,Portugal,No Deposit,2.0,PT,39.399872,-8.224454
City Hotel,Italy,No Deposit,3.0,IT,41.87194,12.56738
City Hotel,Portugal,Non Refund,2.0,PT,39.399872,-8.224454
City Hotel,Portugal,Non Refund,1.0,PT,39.399872,-8.224454
Resort Hotel,Portugal,No Deposit,1.0,PT,39.399872,-8.224454
Resort Hotel,France,No Deposit,2.0,FR,46.227638,2.213749
Resort Hotel,United Kingdom,No Deposit,2.0,GB,55.378051,-3.435973
City Hotel,Germany,No Deposit,4.0,DE,51.165691,10.451526
Resort Hotel,Portugal,No Deposit,1.0,PT,39.399872,-8.224454
Resort Hotel,Poland,No Deposit,4.0,PL,51.919438,19.145136
Resort Hotel,United Kingdom,No Deposit,2.0,GB,55.378051,-3.435973
City Hotel,United Kingdom,No Deposit,2.0,GB,55.378051,-3.435973
Resort Hotel,United Kingdom,No Deposit,2.0,GB,55.378051,-3.435973
City Hotel,United Kingdom,No Deposit,2.0,GB,55.378051,-3.435973
City Hotel,Switzerland,No Deposit,3.0,CH,46.818188,8.227512
City Hotel,Portugal,Non Refund,2.0,PT,39.399872,-8.224454
Resort Hotel,Portugal,No Deposit,2.0,PT,39.399872,-8.224454
City Hotel,Ukraine,No Deposit,2.0,UA,48.379433,31.16558
City Hotel,Spain,No Deposit,2.0,ES,40.463667,-3.74922
City Hotel,Portugal,No Deposit,2.0,PT,39.399872,-8.224454
City Hotel,Italy,No Deposit,1.0,IT,41.87194,12.56738
Resort Hotel,Portugal,No Deposit,1.0,PT,39.399872,-8.224454
City Hotel,Portugal,Non Refund,2.0,PT,39.399872,-8.224454
City Hotel,Portugal,No Deposit,0.0,PT,39.399872,-8.224454
City Hotel,Germany,No Deposit,3.0,DE,51.165691,10.451526
City Hotel,Portugal,Non Refund,2.0,PT,39.399872,-8.224454
City Hotel,Netherlands,No Deposit,2.0,NL,52.132633,5.291266
Resort Hotel,United Kingdom,No Deposit,2.0,GB,55.378051,-3.435973
Resort Hotel,Portugal,No Deposit,3.0,PT,39.399872,-8.224454
Resort Hotel,Portugal,No Deposit,2.0,PT,39.399872,-8.224454
City Hotel,Germany,No Deposit,2.0,DE,51.165691,10.451526
City Hotel,France,No Deposit,2.0,FR,46.227638,2.213749
City Hotel,Germany,No Deposit,1.0,DE,51.165691,10.451526
City Hotel,Portugal,Non Refund,2.0,PT,39.399872,-8.224454
Resort Hotel,Portugal,No Deposit,2.0,PT,39.399872,-8.224454
City Hotel,Portugal,No Deposit,1.0,PT,39.399872,-8.224454
City Hotel,Portugal,Non Refund,1.0,PT,39.399872,-8.224454
Resort Hotel,Spain,No Deposit,2.0,ES,40.463667,-3.74922
City Hotel,Germany,No Deposit,2.0,DE,51.165691,10.451526
City Hotel,Portugal,No Deposit,1.0,PT,39.399872,-8.224454
Resort Hotel,"Korea, Republic of",No Deposit,2.0,KR,35.907757,127.766922
City Hotel,Portugal,Non Refund,2.0,PT,39.399872,-8.224454
City Hotel,Portugal,No Deposit,3.0,PT,39.399872,-8.224454
City Hotel,Italy,No Deposit,2.0,IT,41.87194,12.56738
City Hotel,Portugal,Non Refund,2.0,PT,39.399872,-8.224454
Resort Hotel,Portugal,No Deposit,2.0,PT,39.399872,-8.224454
Resort Hotel,Portugal,No Deposit,3.0,PT,39.399872,-8.224454
City Hotel,Denmark,No Deposit,2.0,DK,56.26392,9.501785
Resort Hotel,Poland,No Deposit,2.0,PL,51.919438,19.145136
Resort Hotel,Portugal,No Deposit,2.0,PT,39.399872,-8.224454
City Hotel,Portugal,No Deposit,1.0,PT,39.399872,-8.224454
Resort Hotel,Portugal,No Deposit,1.0,PT,39.399872,-8.224454
Resort Hotel,United Kingdom,No Deposit,2.0,GB,55.378051,-3.435973
City Hotel,Spain,No Deposit,5.0,ES,40.463667,-3.74922
City Hotel,Luxembourg,No Deposit,2.0,LU,49.815273,6.129583
City Hotel,United Kingdom,No Deposit,1.0,GB,55.378051,-3.435973
Resort Hotel,Switzerland,No Deposit,2.0,CH,46.818188,8.227512
Resort Hotel,Portugal,No Deposit,3.0,PT,39.399872,-8.224454
City Hotel,France,No Deposit,1.0,FR,46.227638,2.213749
City Hotel,Portugal,No Deposit,1.0,PT,39.399872,-8.224454
City Hotel,China,No Deposit,2.0,CN,35.86166,104.195397
Resort Hotel,Portugal,No Deposit,2.0,PT,39.399872,-8.224454
Resort Hotel,United Kingdom,No Deposit,3.0,GB,55.378051,-3.435973
City Hotel,Switzerland,No Deposit,1.0,CH,46.818188,8.227512
Resort Hotel,Portugal,No Deposit,1.0,PT,39.399872,-8.224454
City Hotel,Israel,No Deposit,2.0,IL,31.046051,34.851612
City Hotel,Spain,No Deposit,2.0,ES,40.463667,-3.74922
Resort Hotel,Portugal,No Deposit,1.0,PT,39.399872,-8.224454
City Hotel,France,No Deposit,1.0,FR,46.227638,2.213749
City Hotel,Spain,No Deposit,3.0,ES,40.463667,-3.74922
City Hotel,United Kingdom,No Deposit,4.0,GB,55.378051,-3.435973
City Hotel,Portugal,Non Refund,2.0,PT,39.399872,-8.224454
Resort Hotel,Portugal,No Deposit,2.0,PT,39.399872,-8.224454
City Hotel,Portugal,Non Refund,2.0,PT,39.399872,-8.224454
Resort Hotel,Portugal,Non Refund,2.0,PT,39.399872,-8.224454
Resort Hotel,United Kingdom,No Deposit,2.0,GB,55.378051,-3.435973
City Hotel,Netherlands,No Deposit,2.0,NL,52.132633,5.291266
Resort Hotel,Portugal,No Deposit,2.0,PT,39.399872,-8.224454
City Hotel,Ireland,No Deposit,2.0,IE,53.41291,-8.24389
City Hotel,Germany,No Deposit,2.0,DE,51.165691,10.451526
City Hotel,Ireland,No Deposit,2.0,IE,53.41291,-8.24389
City Hotel,Portugal,No Deposit,1.0,PT,39.399872,-8.224454
Resort Hotel,United Kingdom,No Deposit,2.0,GB,55.378051,-3.435973
City Hotel,Portugal,No Deposit,2.0,PT,39.399872,-8.224454
Resort Hotel,Germany,No Deposit,1.0,DE,51.165691,10.451526
Resort Hotel,Portugal,No Deposit,2.0,PT,39.399872,-8.224454
City Hotel,Portugal,Non Refund,2.0,PT,39.399872,-8.224454
City Hotel,Portugal,No Deposit,2.0,PT,39.399872,-8.224454
Resort Hotel,United Kingdom,No Deposit,2.0,GB,55.378051,-3.435973
City Hotel,France,No Deposit,2.0,FR,46.227638,2.213749
City Hotel,Portugal,No Deposit,2.0,PT,39.399872,-8.224454
City Hotel,Portugal,No Deposit,1.0,PT,39.399872,-8.224454
Resort Hotel,United Kingdom,No Deposit,2.0,GB,55.378051,-3.435973
Resort Hotel,Portugal,No Deposit,1.0,PT,39.399872,-8.224454
City Hotel,Portugal,No Deposit,2.0,PT,39.399872,-8.224454
Resort Hotel,Poland,No Deposit,3.0,PL,51.919438,19.145136
City Hotel,Portugal,Non Refund,2.0,PT,39.399872,-8.224454
City Hotel,Portugal,No Deposit,3.0,PT,39.399872,-8.224454
Resort Hotel,Portugal,No Deposit,2.0,PT,39.399872,-8.224454
City Hotel,Portugal,Non Refund,2.0,PT,39.399872,-8.224454
Resort Hotel,Portugal,No Deposit,1.0,PT,39.399872,-8.224454
City Hotel,Portugal,No Deposit,3.0,PT,39.399872,-8.224454
City Hotel,Italy,No Deposit,2.0,IT,41.87194,12.56738
City Hotel,Portugal,No Deposit,2.0,PT,39.399872,-8.224454
City Hotel,Switzerland,No Deposit,2.0,CH,46.818188,8.227512
City Hotel,Germany,No Deposit,2.0,DE,51.165691,10.451526
City Hotel,Portugal,No Deposit,2.0,PT,39.399872,-8.224454
City Hotel,Portugal,Non Refund,2.0,PT,39.399872,-8.224454
Resort Hotel,Portugal,No Deposit,1.0,PT,39.399872,-8.224454
Resort Hotel,United Kingdom,No Deposit,2.0,GB,55.378051,-3.435973
City Hotel,Belgium,No Deposit,2.0,BE,50.503887,4.469936
City Hotel,France,No Deposit,3.0,FR,46.227638,2.213749
Resort Hotel,Poland,No Deposit,2.0,PL,51.919438,19.145136
City Hotel,Belgium,No Deposit,2.0,BE,50.503887,4.469936
City Hotel,Sweden,No Deposit,4.0,SE,60.128161,18.643501
Resort Hotel,Portugal,No Deposit,3.0,PT,39.399872,-8.224454
City Hotel,France,No Deposit,2.0,FR,46.227638,2.213749
City Hotel,France,No Deposit,2.0,FR,46.227638,2.213749
City Hotel,Denmark,No Deposit,2.0,DK,56.26392,9.501785
City Hotel,Portugal,No Deposit,2.0,PT,39.399872,-8.224454
City Hotel,France,No Deposit,2.0,FR,46.227638,2.213749
City Hotel,Portugal,No Deposit,1.0,PT,39.399872,-8.224454
City Hotel,Portugal,No Deposit,1.0,PT,39.399872,-8.224454
City Hotel,Italy,No Deposit,3.0,IT,41.87194,12.56738
City Hotel,Romania,No Deposit,3.0,RO,45.943161,24.96676
City Hotel,Portugal,Non Refund,2.0,PT,39.399872,-8.224454
City Hotel,Sweden,No Deposit,2.0,SE,60.128161,18.643501
Resort Hotel,France,No Deposit,2.0,FR,46.227638,2.213749
City Hotel,Israel,No Deposit,2.0,IL,31.046051,34.851612
City Hotel,Belgium,No Deposit,2.0,BE,50.503887,4.469936
City Hotel,Portugal,No Deposit,1.0,PT,39.399872,-8.224454
City Hotel,Portugal,No Deposit,2.0,PT,39.399872,-8.224454
Resort Hotel,Portugal,No Deposit,2.0,PT,39.399872,-8.224454
Resort Hotel,Portugal,Non Refund,2.0,PT,39.399872,-8.224454
City Hotel,Portugal,No Deposit,2.0,PT,39.399872,-8.224454
Resort Hotel,Portugal,No Deposit,2.0,PT,39.399872,-8.224454
Resort Hotel,Spain,No Deposit,2.0,ES,40.463667,-3.74922
City Hotel,Portugal,Non Refund,2.0,PT,39.399872,-8.224454
City Hotel,Brazil,No Deposit,4.0,BR,-14.235004,-51.92528
Resort Hotel,Brazil,No Deposit,2.0,BR,-14.235004,-51.92528
Resort Hotel,France,No Deposit,2.0,FR,46.227638,2.213749
City Hotel,Spain,No Deposit,2.0,ES,40.463667,-3.74922
City Hotel,Brazil,No Deposit,3.0,BR,-14.235004,-51.92528
Resort Hotel,Spain,No Deposit,2.0,ES,40.463667,-3.74922
Resort Hotel,Portugal,No Deposit,2.0,PT,39.399872,-8.224454
City Hotel,Portugal,No Deposit,2.0,PT,39.399872,-8.224454
City Hotel,Portugal,Non Refund,1.0,PT,39.399872,-8.224454
Resort Hotel,Portugal,No Deposit,3.0,PT,39.399872,-8.224454
City Hotel,Portugal,No Deposit,2.0,PT,39.399872,-8.224454
City Hotel,Germany,No Deposit,3.0,DE,51.165691,10.451526
City Hotel,Spain,No Deposit,2.0,ES,40.463667,-3.74922
Resort Hotel,United Arab Emirates,No Deposit,4.0,AE,23.424076,53.847818
City Hotel,Germany,No Deposit,2.0,DE,51.165691,10.451526
City Hotel,Denmark,No Deposit,3.0,DK,56.26392,9.501785
City Hotel,Portugal,No Deposit,2.0,PT,39.399872,-8.224454
Resort Hotel,Portugal,Non Refund,2.0,PT,39.399872,-8.224454
City Hotel,Portugal,No Deposit,4.0,PT,39.399872,-8.224454
City Hotel,Netherlands,No Deposit,2.0,NL,52.132633,5.291266
City Hotel,Sweden,No Deposit,2.0,SE,60.128161,18.643501
Resort Hotel,Portugal,No Deposit,1.0,PT,39.399872,-8.224454
Resort Hotel,Portugal,Non Refund,2.0,PT,39.399872,-8.224454
City Hotel,Belgium,No Deposit,2.0,BE,50.503887,4.469936
City Hotel,Portugal,Non Refund,2.0,PT,39.399872,-8.224454
Resort Hotel,Portugal,No Deposit,2.0,PT,39.399872,-8.224454
City Hotel,Spain,No Deposit,2.0,ES,40.463667,-3.74922
Resort Hotel,Poland,No Deposit,2.0,PL,51.919438,19.145136
Resort Hotel,Israel,No Deposit,2.0,IL,31.046051,34.851612
City Hotel,Portugal,Non Refund,2.0,PT,39.399872,-8.224454
City Hotel,Portugal,Non Refund,2.0,PT,39.399872,-8.224454
Resort Hotel,Spain,No Deposit,4.0,ES,40.463667,-3.74922
City Hotel,Ireland,No Deposit,2.0,IE,53.41291,-8.24389
City Hotel,Germany,No Deposit,3.0,DE,51.165691,10.451526
City Hotel,Portugal,Non Refund,2.0,PT,39.399872,-8.224454
City Hotel,Portugal,No Deposit,0.0,PT,39.399872,-8.224454
Resort Hotel,Romania,No Deposit,3.0,RO,45.943161,24.96676
City Hotel,Spain,No Deposit,2.0,ES,40.463667,-3.74922
Resort Hotel,Portugal,No Deposit,2.0,PT,39.399872,-8.224454
Resort Hotel,France,No Deposit,2.0,FR,46.227638,2.213749
Resort Hotel,United Kingdom,No Deposit,2.0,GB,55.378051,-3.435973
Resort Hotel,United Kingdom,No Deposit,2.0,GB,55.378051,-3.435973
Resort Hotel,Portugal,Non Refund,1.0,PT,39.399872,-8.224454
City Hotel,France,No Deposit,2.0,FR,46.227638,2.213749
City Hotel,Portugal,Non Refund,2.0,PT,39.399872,-8.224454
City Hotel,Portugal,No Deposit,3.0,PT,39.399872,-8.224454
City Hotel,Portugal,No Deposit,1.0,PT,39.399872,-8.224454
City Hotel,Portugal,Non Refund,1.0,PT,39.399872,-8.224454
City Hotel,Portugal,No Deposit,2.0,PT,39.399872,-8.224454
Resort Hotel,China,No Deposit,2.0,CN,35.86166,104.195397
City Hotel,France,No Deposit,3.0,FR,46.227638,2.213749
Resort Hotel,Portugal,No Deposit,1.0,PT,39.399872,-8.224454
City Hotel,Kenya,No Deposit,3.0,KE,-0.023559,37.906193
City Hotel,Spain,No Deposit,1.0,ES,40.463667,-3.74922
City Hotel,Poland,No Deposit,2.0,PL,51.919438,19.145136
Resort Hotel,Portugal,No Deposit,2.0,PT,39.399872,-8.224454
City Hotel,Portugal,No Deposit,2.0,PT,39.399872,-8.224454
City Hotel,Italy,No Deposit,1.0,IT,41.87194,12.56738
City Hotel,Romania,No Deposit,2.0,RO,45.943161,24.96676
City Hotel,Portugal,No Deposit,3.0,PT,39.399872,-8.224454
City Hotel,Portugal,No Deposit,1.0,PT,39.399872,-8.224454
City Hotel,Portugal,No Deposit,2.0,PT,39.399872,-8.224454
City Hotel,Portugal,No Deposit,2.0,PT,39.399872,-8.224454
Resort Hotel,Portugal,No Deposit,1.0,PT,39.399872,-8.224454
Resort Hotel,United Kingdom,No Deposit,2.0,GB,55.378051,-3.435973
City Hotel,"Iran, Islamic Republic of",No Deposit,2.0,IR,32.427908,53.688046
City Hotel,Portugal,No Deposit,2.0,PT,39.399872,-8.224454
Resort Hotel,France,No Deposit,2.0,FR,46.227638,2.213749
City Hotel,Spain,No Deposit,2.0,ES,40.463667,-3.74922
Resort Hotel,Spain,No Deposit,4.0,ES,40.463667,-3.74922
Resort Hotel,Portugal,No Deposit,2.0,PT,39.399872,-8.224454
City Hotel,Israel,No Deposit,2.0,IL,31.046051,34.851612
Resort Hotel,United Kingdom,No Deposit,2.0,GB,55.378051,-3.435973
City Hotel,United States,No Deposit,2.0,US,37.09024,-95.712891
Resort Hotel,United Kingdom,No Deposit,2.0,GB,55.378051,-3.435973
City Hotel,Portugal,No Deposit,1.0,PT,39.399872,-8.224454
City Hotel,France,No Deposit,1.0,FR,46.227638,2.213749
Resort Hotel,Portugal,No Deposit,1.0,PT,39.399872,-8.224454
Resort Hotel,Portugal,No Deposit,1.0,PT,39.399872,-8.224454
Resort Hotel,Puerto Rico,No Deposit,1.0,PR,18.220833,-66.590149
City Hotel,Germany,No Deposit,4.0,DE,51.165691,10.451526
Resort Hotel,Portugal,No Deposit,2.0,PT,39.399872,-8.224454
City Hotel,Spain,No Deposit,2.0,ES,40.463667,-3.74922
City Hotel,Greece,No Deposit,2.0,GR,39.074208,21.824312
City Hotel,Portugal,No Deposit,3.0,PT,39.399872,-8.224454
Resort Hotel,France,No Deposit,4.0,FR,46.227638,2.213749
City Hotel,United Kingdom,No Deposit,2.0,GB,55.378051,-3.435973
City Hotel,China,No Deposit,2.0,CN,35.86166,104.195397
City Hotel,Spain,No Deposit,2.0,ES,40.463667,-3.74922
Resort Hotel,Spain,No Deposit,4.0,ES,40.463667,-3.74922
City Hotel,Belgium,No Deposit,4.0,BE,50.503887,4.469936
Resort Hotel,Portugal,No Deposit,2.0,PT,39.399872,-8.224454
City Hotel,Finland,No Deposit,1.0,FI,61.92411,25.748151
Resort Hotel,Portugal,No Deposit,50.0,PT,39.399872,-8.224454
City Hotel,Portugal,No Deposit,2.0,PT,39.399872,-8.224454
City Hotel,Argentina,No Deposit,2.0,AR,-38.416097,-63.616672
City Hotel,Hungary,No Deposit,2.0,HU,47.162494,19.503304
Resort Hotel,United Kingdom,No Deposit,2.0,GB,55.378051,-3.435973
City Hotel,Portugal,No Deposit,2.0,PT,39.399872,-8.224454
Resort Hotel,United Kingdom,No Deposit,2.0,GB,55.378051,-3.435973
Resort Hotel,France,No Deposit,4.0,FR,46.227638,2.213749
City Hotel,Portugal,Non Refund,2.0,PT,39.399872,-8.224454
City Hotel,Russian Federation,No Deposit,1.0,RU,61.52401,105.318756
City Hotel,United States,No Deposit,2.0,US,37.09024,-95.712891
Resort Hotel,Portugal,No Deposit,3.0,PT,39.399872,-8.224454
City Hotel,France,No Deposit,2.0,FR,46.227638,2.213749
City Hotel,Portugal,Non Refund,2.0,PT,39.399872,-8.224454
City Hotel,Portugal,Non Refund,2.0,PT,39.399872,-8.224454
City Hotel,Germany,No Deposit,1.0,DE,51.165691,10.451526
Resort Hotel,Portugal,No Deposit,2.0,PT,39.399872,-8.224454
City Hotel,Portugal,Non Refund,2.0,PT,39.399872,-8.224454
Resort Hotel,Ireland,No Deposit,2.0,IE,53.41291,-8.24389
City Hotel,Portugal,Non Refund,1.0,PT,39.399872,-8.224454
Resort Hotel,China,No Deposit,2.0,CN,35.86166,104.195397
City Hotel,Denmark,No Deposit,2.0,DK,56.26392,9.501785
Resort Hotel,Azerbaijan,No Deposit,3.0,AZ,40.143105,47.576927
City Hotel,Portugal,Non Refund,2.0,PT,39.399872,-8.224454
City Hotel,France,No Deposit,2.0,FR,46.227638,2.213749
City Hotel,Portugal,No Deposit,1.0,PT,39.399872,-8.224454
City Hotel,Germany,No Deposit,2.0,DE,51.165691,10.451526
Resort Hotel,Portugal,No Deposit,2.0,PT,39.399872,-8.224454
City Hotel,Spain,No Deposit,2.0,ES,40.463667,-3.74922
City Hotel,Portugal,Non Refund,3.0,PT,39.399872,-8.224454
City Hotel,United States,No Deposit,3.0,US,37.09024,-95.712891
City Hotel,Indonesia,No Deposit,2.0,ID,-0.789275,113.921327
Resort Hotel,China,No Deposit,4.0,CN,35.86166,104.195397
Resort Hotel,United Kingdom,No Deposit,2.0,GB,55.378051,-3.435973
Resort Hotel,Portugal,No Deposit,1.0,PT,39.399872,-8.224454
City Hotel,Portugal,No Deposit,1.0,PT,39.399872,-8.224454
Resort Hotel,Germany,No Deposit,2.0,DE,51.165691,10.451526
Resort Hotel,Belgium,No Deposit,2.0,BE,50.503887,4.469936
City Hotel,Australia,No Deposit,2.0,AU,-25.274398,133.775136
City Hotel,Portugal,No Deposit,1.0,PT,39.399872,-8.224454
City Hotel,Germany,No Deposit,2.0,DE,51.165691,10.451526
City Hotel,Portugal,No Deposit,1.0,PT,39.399872,-8.224454
City Hotel,France,No Deposit,2.0,FR,46.227638,2.213749
Resort Hotel,Spain,No Deposit,2.0,ES,40.463667,-3.74922
Resort Hotel,Portugal,No Deposit,2.0,PT,39.399872,-8.224454
Resort Hotel,Spain,No Deposit,2.0,ES,40.463667,-3.74922
City Hotel,Greece,No Deposit,3.0,GR,39.074208,21.824312
City Hotel,Portugal,No Deposit,1.0,PT,39.399872,-8.224454
City Hotel,Portugal,No Deposit,1.0,PT,39.399872,-8.224454
City Hotel,Portugal,Non Refund,2.0,PT,39.399872,-8.224454
Resort Hotel,Switzerland,No Deposit,2.0,CH,46.818188,8.227512
City Hotel,Italy,No Deposit,2.0,IT,41.87194,12.56738
Resort Hotel,Portugal,No Deposit,2.0,PT,39.399872,-8.224454
Resort Hotel,Portugal,No Deposit,1.0,PT,39.399872,-8.224454
City Hotel,Portugal,No Deposit,1.0,PT,39.399872,-8.224454
City Hotel,France,No Deposit,3.0,FR,46.227638,2.213749
City Hotel,Portugal,Non Refund,2.0,PT,39.399872,-8.224454
Resort Hotel,Ireland,No Deposit,2.0,IE,53.41291,-8.24389
Resort Hotel,Spain,No Deposit,2.0,ES,40.463667,-3.74922
Resort Hotel,Spain,No Deposit,4.0,ES,40.463667,-3.74922
City Hotel,Luxembourg,No Deposit,1.0,LU,49.815273,6.129583
Resort Hotel,Spain,No Deposit,2.0,ES,40.463667,-3.74922
Resort Hotel,United Kingdom,No Deposit,2.0,GB,55.378051,-3.435973
City Hotel,Ireland,No Deposit,3.0,IE,53.41291,-8.24389
City Hotel,Italy,No Deposit,2.0,IT,41.87194,12.56738
Resort Hotel,Portugal,No Deposit,1.0,PT,39.399872,-8.224454
City Hotel,United Kingdom,No Deposit,3.0,GB,55.378051,-3.435973
Resort Hotel,Portugal,No Deposit,2.0,PT,39.399872,-8.224454
City Hotel,Portugal,No Deposit,1.0,PT,39.399872,-8.224454
Resort Hotel,Portugal,No Deposit,3.0,PT,39.399872,-8.224454
Resort Hotel,United Kingdom,No Deposit,3.0,GB,55.378051,-3.435973
City Hotel,Portugal,Non Refund,2.0,PT,39.399872,-8.224454
City Hotel,United Kingdom,No Deposit,4.0,GB,55.378051,-3.435973
City Hotel,Portugal,No Deposit,2.0,PT,39.399872,-8.224454
City Hotel,Portugal,No Deposit,2.0,PT,39.399872,-8.224454
Resort Hotel,Portugal,No Deposit,2.0,PT,39.399872,-8.224454
Resort Hotel,United Kingdom,No Deposit,2.0,GB,55.378051,-3.435973
City Hotel,Portugal,Non Refund,2.0,PT,39.399872,-8.224454
Resort Hotel,Portugal,No Deposit,1.0,PT,39.399872,-8.224454
City Hotel,United States,No Deposit,3.0,US,37.09024,-95.712891
Resort Hotel,Portugal,No Deposit,1.0,PT,39.399872,-8.224454
City Hotel,Ireland,No Deposit,2.0,IE,53.41291,-8.24389
City Hotel,Spain,No Deposit,2.0,ES,40.463667,-3.74922
City Hotel,Sweden,No Deposit,1.0,SE,60.128161,18.643501
Resort Hotel,Portugal,No Deposit,2.0,PT,39.399872,-8.224454
City Hotel,Portugal,No Deposit,2.0,PT,39.399872,-8.224454
City Hotel,Portugal,Non Refund,2.0,PT,39.399872,-8.224454
City Hotel,Portugal,No Deposit,2.0,PT,39.399872,-8.224454
City Hotel,Brazil,No Deposit,3.0,BR,-14.235004,-51.92528
Resort Hotel,United Kingdom,No Deposit,1.0,GB,55.378051,-3.435973
City Hotel,United Kingdom,No Deposit,1.0,GB,55.378051,-3.435973
Resort Hotel,Netherlands,No Deposit,2.0,NL,52.132633,5.291266
City Hotel,Portugal,Non Refund,2.0,PT,39.399872,-8.224454
Resort Hotel,Ireland,No Deposit,2.0,IE,53.41291,-8.24389
Resort Hotel,Portugal,No Deposit,2.0,PT,39.399872,-8.224454
City Hotel,Brazil,No Deposit,3.0,BR,-14.235004,-51.92528
City Hotel,Israel,No Deposit,1.0,IL,31.046051,34.851612
City Hotel,Portugal,No Deposit,2.0,PT,39.399872,-8.224454
Resort Hotel,Portugal,No Deposit,2.0,PT,39.399872,-8.224454
City Hotel,Australia,No Deposit,1.0,AU,-25.274398,133.775136
City Hotel,Switzerland,No Deposit,2.0,CH,46.818188,8.227512
City Hotel,Portugal,No Deposit,1.0,PT,39.399872,-8.224454
City Hotel,Japan,No Deposit,2.0,JP,36.204824,138.252924
City Hotel,Belgium,No Deposit,2.0,BE,50.503887,4.469936
City Hotel,Spain,No Deposit,2.0,ES,40.463667,-3.74922
City Hotel,Germany,No Deposit,2.0,DE,51.165691,10.451526
City Hotel,Portugal,Non Refund,1.0,PT,39.399872,-8.224454
Resort Hotel,United Kingdom,No Deposit,2.0,GB,55.378051,-3.435973
City Hotel,China,No Deposit,1.0,CN,35.86166,104.195397
City Hotel,Portugal,No Deposit,2.0,PT,39.399872,-8.224454
Resort Hotel,Spain,No Deposit,2.0,ES,40.463667,-3.74922
City Hotel,Portugal,Non Refund,2.0,PT,39.399872,-8.224454
Resort Hotel,Portugal,No Deposit,3.0,PT,39.399872,-8.224454
City Hotel,Portugal,No Deposit,2.0,PT,39.399872,-8.224454
City Hotel,Italy,No Deposit,3.0,IT,41.87194,12.56738
City Hotel,Brazil,No Deposit,2.0,BR,-14.235004,-51.92528
City Hotel,Portugal,Non Refund,2.0,PT,39.399872,-8.224454
City Hotel,United States,No Deposit,1.0,US,37.09024,-95.712891
City Hotel,Portugal,No Deposit,1.0,PT,39.399872,-8.224454
Resort Hotel,Ireland,No Deposit,2.0,IE,53.41291,-8.24389
Resort Hotel,United Kingdom,No Deposit,2.0,GB,55.378051,-3.435973
Resort Hotel,Portugal,No Deposit,2.0,PT,39.399872,-8.224454
City Hotel,Portugal,No Deposit,2.0,PT,39.399872,-8.224454
City Hotel,Spain,No Deposit,2.0,ES,40.463667,-3.74922
City Hotel,China,No Deposit,1.0,CN,35.86166,104.195397
Resort Hotel,Brazil,No Deposit,2.0,BR,-14.235004,-51.92528
City Hotel,Italy,No Deposit,2.0,IT,41.87194,12.56738
City Hotel,Sweden,No Deposit,2.0,SE,60.128161,18.643501
Resort Hotel,Spain,No Deposit,2.0,ES,40.463667,-3.74922
City Hotel,Croatia,No Deposit,2.0,HR,45.1,15.2
City Hotel,Belgium,No Deposit,2.0,BE,50.503887,4.469936
City Hotel,China,No Deposit,2.0,CN,35.86166,104.195397
Resort Hotel,Spain,No Deposit,2.0,ES,40.463667,-3.74922
City Hotel,Spain,No Deposit,2.0,ES,40.463667,-3.74922
City Hotel,Portugal,No Deposit,2.0,PT,39.399872,-8.224454
Resort Hotel,United Kingdom,No Deposit,1.0,GB,55.378051,-3.435973
City Hotel,Portugal,No Deposit,2.0,PT,39.399872,-8.224454
Resort Hotel,United Kingdom,No Deposit,2.0,GB,55.378051,-3.435973
City Hotel,Portugal,No Deposit,1.0,PT,39.399872,-8.224454
City Hotel,Iceland,No Deposit,2.0,IS,64.963051,-19.020835
City Hotel,Spain,No Deposit,1.0,ES,40.463667,-3.74922
City Hotel,France,No Deposit,2.0,FR,46.227638,2.213749
Resort Hotel,Portugal,No Deposit,2.0,PT,39.399872,-8.224454
City Hotel,Italy,No Deposit,2.0,IT,41.87194,12.56738
Resort Hotel,Portugal,No Deposit,2.0,PT,39.399872,-8.224454
City Hotel,Netherlands,No Deposit,2.0,NL,52.132633,5.291266
City Hotel,Portugal,Non Refund,2.0,PT,39.399872,-8.224454
City Hotel,Portugal,Non Refund,2.0,PT,39.399872,-8.224454
City Hotel,United States,No Deposit,2.0,US,37.09024,-95.712891
Resort Hotel,United Kingdom,No Deposit,1.0,GB,55.378051,-3.435973
City Hotel,Portugal,Non Refund,2.0,PT,39.399872,-8.224454
Resort Hotel,Spain,No Deposit,2.0,ES,40.463667,-3.74922
City Hotel,Russian Federation,No Deposit,2.0,RU,61.52401,105.318756
City Hotel,France,No Deposit,1.0,FR,46.227638,2.213749
Resort Hotel,Germany,No Deposit,1.0,DE,51.165691,10.451526
City Hotel,Portugal,Non Refund,2.0,PT,39.399872,-8.224454
City Hotel,Portugal,No Deposit,2.0,PT,39.399872,-8.224454
Resort Hotel,Portugal,No Deposit,2.0,PT,39.399872,-8.224454
Resort Hotel,Portugal,No Deposit,1.0,PT,39.399872,-8.224454
City Hotel,Portugal,No Deposit,3.0,PT,39.399872,-8.224454
City Hotel,Portugal,Non Refund,2.0,PT,39.399872,-8.224454
Resort Hotel,United States,No Deposit,2.0,US,37.09024,-95.712891
City Hotel,France,No Deposit,4.0,FR,46.227638,2.213749
Resort Hotel,Spain,No Deposit,2.0,ES,40.463667,-3.74922
Resort Hotel,United Kingdom,No Deposit,1.0,GB,55.378051,-3.435973
Resort Hotel,Sweden,No Deposit,1.0,SE,60.128161,18.643501
Resort Hotel,Germany,No Deposit,2.0,DE,51.165691,10.451526
City Hotel,Portugal,Non Refund,2.0,PT,39.399872,-8.224454
City Hotel,United Kingdom,No Deposit,2.0,GB,55.378051,-3.435973
Resort Hotel,Austria,No Deposit,2.0,AT,47.516231,14.550072
City Hotel,Portugal,No Deposit,1.0,PT,39.399872,-8.224454
City Hotel,Sweden,No Deposit,2.0,SE,60.128161,18.643501
City Hotel,Australia,No Deposit,2.0,AU,-25.274398,133.775136
Resort Hotel,Belgium,No Deposit,2.0,BE,50.503887,4.469936
Resort Hotel,Ireland,No Deposit,2.0,IE,53.41291,-8.24389
City Hotel,Portugal,No Deposit,1.0,PT,39.399872,-8.224454
Resort Hotel,Ireland,No Deposit,4.0,IE,53.41291,-8.24389
Resort Hotel,United Kingdom,No Deposit,2.0,GB,55.378051,-3.435973
City Hotel,Portugal,No Deposit,2.0,PT,39.399872,-8.224454
City Hotel,Portugal,Non Refund,2.0,PT,39.399872,-8.224454
City Hotel,Portugal,No Deposit,2.0,PT,39.399872,-8.224454
City Hotel,United Kingdom,No Deposit,2.0,GB,55.378051,-3.435973
City Hotel,Portugal,No Deposit,3.0,PT,39.399872,-8.224454
City Hotel,France,No Deposit,2.0,FR,46.227638,2.213749
City Hotel,Portugal,No Deposit,1.0,PT,39.399872,-8.224454
Resort Hotel,Spain,No Deposit,2.0,ES,40.463667,-3.74922
City Hotel,Spain,No Deposit,1.0,ES,40.463667,-3.74922
City Hotel,United Kingdom,No Deposit,2.0,GB,55.378051,-3.435973
Resort Hotel,Portugal,No Deposit,2.0,PT,39.399872,-8.224454
City Hotel,Italy,No Deposit,2.0,IT,41.87194,12.56738
City Hotel,Netherlands,No Deposit,1.0,NL,52.132633,5.291266
City Hotel,Norway,No Deposit,2.0,NO,60.472024,8.468946
City Hotel,France,No Deposit,2.0,FR,46.227638,2.213749
Resort Hotel,United Kingdom,No Deposit,2.0,GB,55.378051,-3.435973
City Hotel,Portugal,No Deposit,1.0,PT,39.399872,-8.224454
City Hotel,Portugal,Non Refund,2.0,PT,39.399872,-8.224454
City Hotel,Portugal,No Deposit,1.0,PT,39.399872,-8.224454
City Hotel,Ireland,No Deposit,2.0,IE,53.41291,-8.24389
Resort Hotel,Portugal,Non Refund,2.0,PT,39.399872,-8.224454
City Hotel,Italy,No Deposit,2.0,IT,41.87194,12.56738
City Hotel,France,No Deposit,2.0,FR,46.227638,2.213749
City Hotel,Germany,No Deposit,1.0,DE,51.165691,10.451526
City Hotel,France,No Deposit,5.0,FR,46.227638,2.213749
City Hotel,Germany,No Deposit,2.0,DE,51.165691,10.451526
Resort Hotel,Portugal,No Deposit,0.0,PT,39.399872,-8.224454
City Hotel,Germany,No Deposit,2.0,DE,51.165691,10.451526
Resort Hotel,Portugal,No Deposit,2.0,PT,39.399872,-8.224454
City Hotel,Portugal,No Deposit,2.0,PT,39.399872,-8.224454
City Hotel,Portugal,No Deposit,2.0,PT,39.399872,-8.224454
Resort Hotel,Germany,No Deposit,2.0,DE,51.165691,10.451526
City Hotel,France,No Deposit,1.0,FR,46.227638,2.213749
Resort Hotel,Brazil,No Deposit,2.0,BR,-14.235004,-51.92528
City Hotel,Spain,No Deposit,2.0,ES,40.463667,-3.74922
City Hotel,France,No Deposit,2.0,FR,46.227638,2.213749
City Hotel,Portugal,No Deposit,2.0,PT,39.399872,-8.224454
Resort Hotel,Portugal,No Deposit,1.0,PT,39.399872,-8.224454
Resort Hotel,Australia,No Deposit,2.0,AU,-25.274398,133.775136
City Hotel,Portugal,Non Refund,2.0,PT,39.399872,-8.224454
City Hotel,Portugal,Non Refund,2.0,PT,39.399872,-8.224454
City Hotel,Spain,No Deposit,2.0,ES,40.463667,-3.74922
City Hotel,Portugal,Non Refund,2.0,PT,39.399872,-8.224454
City Hotel,Brazil,No Deposit,2.0,BR,-14.235004,-51.92528
City Hotel,Sweden,No Deposit,2.0,SE,60.128161,18.643501
Resort Hotel,United Kingdom,No Deposit,2.0,GB,55.378051,-3.435973
City Hotel,United Kingdom,No Deposit,2.0,GB,55.378051,-3.435973
Resort Hotel,Italy,No Deposit,2.0,IT,41.87194,12.56738
City Hotel,Portugal,Non Refund,2.0,PT,39.399872,-8.224454
City Hotel,France,No Deposit,2.0,FR,46.227638,2.213749
City Hotel,"Korea, Republic of",No Deposit,2.0,KR,35.907757,127.766922
City Hotel,France,No Deposit,1.0,FR,46.227638,2.213749
City Hotel,Portugal,Non Refund,2.0,PT,39.399872,-8.224454
City Hotel,Thailand,No Deposit,2.0,TH,15.870032,100.992541
City Hotel,France,No Deposit,2.0,FR,46.227638,2.213749
Resort Hotel,United Kingdom,No Deposit,2.0,GB,55.378051,-3.435973
City Hotel,Portugal,No Deposit,2.0,PT,39.399872,-8.224454
City Hotel,Portugal,Non Refund,2.0,PT,39.399872,-8.224454
City Hotel,China,No Deposit,2.0,CN,35.86166,104.195397
Resort Hotel,United Kingdom,No Deposit,2.0,GB,55.378051,-3.435973
City Hotel,Portugal,No Deposit,2.0,PT,39.399872,-8.224454
Resort Hotel,Portugal,No Deposit,2.0,PT,39.399872,-8.224454
Resort Hotel,Ireland,No Deposit,2.0,IE,53.41291,-8.24389
City Hotel,Portugal,No Deposit,2.0,PT,39.399872,-8.224454
City Hotel,Portugal,Non Refund,1.0,PT,39.399872,-8.224454
City Hotel,Spain,No Deposit,1.0,ES,40.463667,-3.74922
Resort Hotel,Poland,No Deposit,2.0,PL,51.919438,19.145136
City Hotel,Portugal,Non Refund,2.0,PT,39.399872,-8.224454
City Hotel,Portugal,No Deposit,1.0,PT,39.399872,-8.224454
City Hotel,Portugal,Non Refund,1.0,PT,39.399872,-8.224454
City Hotel,China,No Deposit,1.0,CN,35.86166,104.195397
Resort Hotel,Germany,No Deposit,2.0,DE,51.165691,10.451526
City Hotel,Germany,No Deposit,2.0,DE,51.165691,10.451526
City Hotel,Portugal,Non Refund,1.0,PT,39.399872,-8.224454
City Hotel,Belgium,No Deposit,3.0,BE,50.503887,4.469936
Resort Hotel,Spain,No Deposit,3.0,ES,40.463667,-3.74922
City Hotel,Portugal,No Deposit,3.0,PT,39.399872,-8.224454
City Hotel,Germany,No Deposit,2.0,DE,51.165691,10.451526
City Hotel,United States,No Deposit,2.0,US,37.09024,-95.712891
City Hotel,Portugal,No Deposit,2.0,PT,39.399872,-8.224454
City Hotel,United Kingdom,No Deposit,2.0,GB,55.378051,-3.435973
City Hotel,United Kingdom,No Deposit,1.0,GB,55.378051,-3.435973
City Hotel,Germany,No Deposit,1.0,DE,51.165691,10.451526
City Hotel,Portugal,No Deposit,3.0,PT,39.399872,-8.224454
Resort Hotel,Portugal,No Deposit,2.0,PT,39.399872,-8.224454
City Hotel,Portugal,No Deposit,3.0,PT,39.399872,-8.224454
City Hotel,Portugal,No Deposit,2.0,PT,39.399872,-8.224454
City Hotel,Italy,No Deposit,2.0,IT,41.87194,12.56738
City Hotel,Brazil,No Deposit,2.0,BR,-14.235004,-51.92528
City Hotel,Germany,No Deposit,2.0,DE,51.165691,10.451526
Resort Hotel,Portugal,No Deposit,3.0,PT,39.399872,-8.224454
City Hotel,Switzerland,No Deposit,2.0,CH,46.818188,8.227512
Resort Hotel,Portugal,No Deposit,3.0,PT,39.399872,-8.224454
Resort Hotel,United Kingdom,No Deposit,2.0,GB,55.378051,-3.435973
City Hotel,Portugal,No Deposit,2.0,PT,39.399872,-8.224454
Resort Hotel,Ireland,No Deposit,2.0,IE,53.41291,-8.24389
Resort Hotel,Belgium,No Deposit,2.0,BE,50.503887,4.469936
Resort Hotel,Portugal,No Deposit,2.0,PT,39.399872,-8.224454
Resort Hotel,Ireland,No Deposit,2.0,IE,53.41291,-8.24389
City Hotel,Portugal,No Deposit,2.0,PT,39.399872,-8.224454
City Hotel,Portugal,Non Refund,2.0,PT,39.399872,-8.224454
Resort Hotel,Portugal,No Deposit,1.0,PT,39.399872,-8.224454
City Hotel,Austria,No Deposit,2.0,AT,47.516231,14.550072
City Hotel,Netherlands,No Deposit,2.0,NL,52.132633,5.291266
Resort Hotel,Portugal,No Deposit,2.0,PT,39.399872,-8.224454
City Hotel,Luxembourg,No Deposit,3.0,LU,49.815273,6.129583
City Hotel,Portugal,Non Refund,2.0,PT,39.399872,-8.224454
City Hotel,France,No Deposit,2.0,FR,46.227638,2.213749
Resort Hotel,Portugal,No Deposit,1.0,PT,39.399872,-8.224454
Resort Hotel,Portugal,No Deposit,2.0,PT,39.399872,-8.224454
City Hotel,France,No Deposit,2.0,FR,46.227638,2.213749
City Hotel,France,No Deposit,2.0,FR,46.227638,2.213749
Resort Hotel,Portugal,No Deposit,2.0,PT,39.399872,-8.224454
Resort Hotel,Sweden,No Deposit,2.0,SE,60.128161,18.643501
City Hotel,Portugal,Non Refund,2.0,PT,39.399872,-8.224454
City Hotel,Portugal,Non Refund,2.0,PT,39.399872,-8.224454
Resort Hotel,Spain,No Deposit,1.0,ES,40.463667,-3.74922
Resort Hotel,Portugal,No Deposit,1.0,PT,39.399872,-8.224454
Resort Hotel,Portugal,No Deposit,2.0,PT,39.399872,-8.224454
City Hotel,Spain,No Deposit,2.0,ES,40.463667,-3.74922
City Hotel,Portugal,No Deposit,1.0,PT,39.399872,-8.224454
City Hotel,Portugal,Non Refund,2.0,PT,39.399872,-8.224454
Resort Hotel,Spain,No Deposit,4.0,ES,40.463667,-3.74922
City Hotel,United States,No Deposit,3.0,US,37.09024,-95.712891
Resort Hotel,Ireland,No Deposit,2.0,IE,53.41291,-8.24389
City Hotel,Italy,No Deposit,1.0,IT,41.87194,12.56738
City Hotel,Portugal,No Deposit,2.0,PT,39.399872,-8.224454
City Hotel,Luxembourg,No Deposit,2.0,LU,49.815273,6.129583
City Hotel,Germany,No Deposit,1.0,DE,51.165691,10.451526
City Hotel,France,No Deposit,2.0,FR,46.227638,2.213749
Resort Hotel,Spain,No Deposit,2.0,ES,40.463667,-3.74922
City Hotel,Portugal,Non Refund,2.0,PT,39.399872,-8.224454
Resort Hotel,Portugal,No Deposit,2.0,PT,39.399872,-8.224454
Resort Hotel,Portugal,No Deposit,2.0,PT,39.399872,-8.224454
City Hotel,France,No Deposit,2.0,FR,46.227638,2.213749
City Hotel,Portugal,No Deposit,0.0,PT,39.399872,-8.224454
City Hotel,Norway,No Deposit,2.0,NO,60.472024,8.468946
City Hotel,Russian Federation,No Deposit,1.0,RU,61.52401,105.318756
City Hotel,Spain,No Deposit,2.0,ES,40.463667,-3.74922
City Hotel,Portugal,No Deposit,1.0,PT,39.399872,-8.224454
City Hotel,Spain,Non Refund,2.0,ES,40.463667,-3.74922
City Hotel,Brazil,No Deposit,3.0,BR,-14.235004,-51.92528
City Hotel,United Arab Emirates,No Deposit,1.0,AE,23.424076,53.847818
City Hotel,Portugal,Non Refund,2.0,PT,39.399872,-8.224454
City Hotel,France,No Deposit,2.0,FR,46.227638,2.213749
City Hotel,France,No Deposit,2.0,FR,46.227638,2.213749
City Hotel,France,No Deposit,2.0,FR,46.227638,2.213749
City Hotel,Germany,No Deposit,3.0,DE,51.165691,10.451526
City Hotel,United Kingdom,No Deposit,3.0,GB,55.378051,-3.435973
City Hotel,Israel,No Deposit,2.0,IL,31.046051,34.851612
Resort Hotel,Portugal,No Deposit,1.0,PT,39.399872,-8.224454
City Hotel,Portugal,No Deposit,4.0,PT,39.399872,-8.224454
City Hotel,Germany,No Deposit,2.0,DE,51.165691,10.451526
City Hotel,Portugal,Non Refund,2.0,PT,39.399872,-8.224454
Resort Hotel,Spain,No Deposit,2.0,ES,40.463667,-3.74922
City Hotel,Portugal,No Deposit,2.0,PT,39.399872,-8.224454
Resort Hotel,Portugal,No Deposit,2.0,PT,39.399872,-8.224454
City Hotel,France,No Deposit,2.0,FR,46.227638,2.213749
City Hotel,Portugal,No Deposit,1.0,PT,39.399872,-8.224454
City Hotel,Portugal,No Deposit,3.0,PT,39.399872,-8.224454
City Hotel,Portugal,No Deposit,1.0,PT,39.399872,-8.224454
City Hotel,Italy,No Deposit,1.0,IT,41.87194,12.56738
City Hotel,Italy,No Deposit,2.0,IT,41.87194,12.56738
City Hotel,Turkey,No Deposit,2.0,TR,38.963745,35.243322
Resort Hotel,Portugal,No Deposit,3.0,PT,39.399872,-8.224454
City Hotel,Denmark,No Deposit,2.0,DK,56.26392,9.501785
City Hotel,Portugal,Non Refund,2.0,PT,39.399872,-8.224454
City Hotel,Portugal,Non Refund,2.0,PT,39.399872,-8.224454
City Hotel,Portugal,Non Refund,2.0,PT,39.399872,-8.224454
City Hotel,Portugal,No Deposit,1.0,PT,39.399872,-8.224454
Resort Hotel,United Kingdom,No Deposit,2.0,GB,55.378051,-3.435973
City Hotel,Poland,No Deposit,1.0,PL,51.919438,19.145136
City Hotel,France,No Deposit,2.0,FR,46.227638,2.213749
City Hotel,France,No Deposit,1.0,FR,46.227638,2.213749
City Hotel,Portugal,Non Refund,2.0,PT,39.399872,-8.224454
City Hotel,France,No Deposit,2.0,FR,46.227638,2.213749
City Hotel,United Kingdom,No Deposit,2.0,GB,55.378051,-3.435973
Resort Hotel,United Kingdom,No Deposit,1.0,GB,55.378051,-3.435973
City Hotel,Portugal,No Deposit,2.0,PT,39.399872,-8.224454
City Hotel,Belgium,No Deposit,2.0,BE,50.503887,4.469936
City Hotel,Portugal,Non Refund,1.0,PT,39.399872,-8.224454
City Hotel,Portugal,Non Refund,2.0,PT,39.399872,-8.224454
City Hotel,Portugal,No Deposit,2.0,PT,39.399872,-8.224454
City Hotel,Portugal,No Deposit,1.0,PT,39.399872,-8.224454
Resort Hotel,Spain,No Deposit,2.0,ES,40.463667,-3.74922
City Hotel,United Kingdom,No Deposit,2.0,GB,55.378051,-3.435973
City Hotel,Finland,No Deposit,2.0,FI,61.92411,25.748151
Resort Hotel,United Kingdom,No Deposit,2.0,GB,55.378051,-3.435973
City Hotel,Ireland,No Deposit,2.0,IE,53.41291,-8.24389
Resort Hotel,Netherlands,No Deposit,2.0,NL,52.132633,5.291266
City Hotel,Belgium,No Deposit,3.0,BE,50.503887,4.469936
Resort Hotel,Germany,No Deposit,1.0,DE,51.165691,10.451526
City Hotel,Spain,No Deposit,1.0,ES,40.463667,-3.74922
City Hotel,Germany,No Deposit,2.0,DE,51.165691,10.451526
City Hotel,Israel,No Deposit,1.0,IL,31.046051,34.851612
City Hotel,France,No Deposit,3.0,FR,46.227638,2.213749
Resort Hotel,Italy,No Deposit,2.0,IT,41.87194,12.56738
Resort Hotel,Portugal,No Deposit,2.0,PT,39.399872,-8.224454
City Hotel,Brazil,No Deposit,4.0,BR,-14.235004,-51.92528
City Hotel,Portugal,No Deposit,1.0,PT,39.399872,-8.224454
City Hotel,France,No Deposit,4.0,FR,46.227638,2.213749
City Hotel,Ireland,No Deposit,4.0,IE,53.41291,-8.24389
City Hotel,France,No Deposit,2.0,FR,46.227638,2.213749
Resort Hotel,Portugal,No Deposit,2.0,PT,39.399872,-8.224454
Resort Hotel,Portugal,No Deposit,1.0,PT,39.399872,-8.224454
Resort Hotel,Portugal,No Deposit,4.0,PT,39.399872,-8.224454
Resort Hotel,Portugal,No Deposit,2.0,PT,39.399872,-8.224454
Resort Hotel,Portugal,No Deposit,2.0,PT,39.399872,-8.224454
City Hotel,Portugal,No Deposit,1.0,PT,39.399872,-8.224454
City Hotel,France,No Deposit,2.0,FR,46.227638,2.213749
City Hotel,Portugal,No Deposit,1.0,PT,39.399872,-8.224454
City Hotel,United Kingdom,No Deposit,1.0,GB,55.378051,-3.435973
Resort Hotel,Portugal,No Deposit,2.0,PT,39.399872,-8.224454
City Hotel,Germany,No Deposit,2.0,DE,51.165691,10.451526
City Hotel,Spain,No Deposit,2.0,ES,40.463667,-3.74922
City Hotel,Germany,No Deposit,2.0,DE,51.165691,10.451526
City Hotel,Switzerland,No Deposit,2.0,CH,46.818188,8.227512
City Hotel,Portugal,No Deposit,3.0,PT,39.399872,-8.224454
City Hotel,Portugal,No Deposit,2.0,PT,39.399872,-8.224454
City Hotel,Portugal,No Deposit,1.0,PT,39.399872,-8.224454
City Hotel,Portugal,Non Refund,2.0,PT,39.399872,-8.224454
Resort Hotel,United Kingdom,No Deposit,2.0,GB,55.378051,-3.435973
Resort Hotel,Poland,No Deposit,2.0,PL,51.919438,19.145136
City Hotel,United Kingdom,No Deposit,2.0,GB,55.378051,-3.435973
City Hotel,Spain,No Deposit,3.0,ES,40.463667,-3.74922
City Hotel,Portugal,No Deposit,1.0,PT,39.399872,-8.224454
City Hotel,Ireland,No Deposit,2.0,IE,53.41291,-8.24389
City Hotel,Portugal,No Deposit,2.0,PT,39.399872,-8.224454
City Hotel,Angola,No Deposit,1.0,AO,-11.202692,17.873887
City Hotel,Portugal,No Deposit,1.0,PT,39.399872,-8.224454
City Hotel,Portugal,No Deposit,2.0,PT,39.399872,-8.224454
Resort Hotel,Portugal,No Deposit,2.0,PT,39.399872,-8.224454
Resort Hotel,Switzerland,No Deposit,2.0,CH,46.818188,8.227512
Resort Hotel,Portugal,No Deposit,1.0,PT,39.399872,-8.224454
City Hotel,South Africa,No Deposit,2.0,ZA,-30.559482,22.937506
Resort Hotel,Portugal,No Deposit,1.0,PT,39.399872,-8.224454
City Hotel,France,No Deposit,4.0,FR,46.227638,2.213749
Resort Hotel,Portugal,No Deposit,3.0,PT,39.399872,-8.224454
Resort Hotel,Poland,No Deposit,4.0,PL,51.919438,19.145136
Resort Hotel,Portugal,No Deposit,2.0,PT,39.399872,-8.224454
City Hotel,Portugal,Non Refund,1.0,PT,39.399872,-8.224454
Resort Hotel,Portugal,No Deposit,4.0,PT,39.399872,-8.224454
Resort Hotel,Angola,No Deposit,1.0,AO,-11.202692,17.873887
Resort Hotel,Spain,No Deposit,4.0,ES,40.463667,-3.74922
City Hotel,Sweden,No Deposit,4.0,SE,60.128161,18.643501
City Hotel,Austria,No Deposit,2.0,AT,47.516231,14.550072
City Hotel,Italy,No Deposit,3.0,IT,41.87194,12.56738
Resort Hotel,Portugal,No Deposit,4.0,PT,39.399872,-8.224454
City Hotel,Poland,No Deposit,2.0,PL,51.919438,19.145136
City Hotel,Portugal,No Deposit,2.0,PT,39.399872,-8.224454
City Hotel,United States,No Deposit,1.0,US,37.09024,-95.712891
City Hotel,Germany,No Deposit,2.0,DE,51.165691,10.451526
City Hotel,Greece,No Deposit,2.0,GR,39.074208,21.824312
City Hotel,Portugal,No Deposit,2.0,PT,39.399872,-8.224454
City Hotel,Portugal,No Deposit,1.0,PT,39.399872,-8.224454
City Hotel,Spain,No Deposit,2.0,ES,40.463667,-3.74922
Resort Hotel,Portugal,No Deposit,2.0,PT,39.399872,-8.224454
Resort Hotel,Switzerland,No Deposit,2.0,CH,46.818188,8.227512
City Hotel,Portugal,Non Refund,1.0,PT,39.399872,-8.224454
City Hotel,France,No Deposit,2.0,FR,46.227638,2.213749
Resort Hotel,Portugal,No Deposit,2.0,PT,39.399872,-8.224454
City Hotel,Romania,No Deposit,2.0,RO,45.943161,24.96676
Resort Hotel,Ireland,No Deposit,2.0,IE,53.41291,-8.24389
City Hotel,Spain,No Deposit,2.0,ES,40.463667,-3.74922
City Hotel,Portugal,No Deposit,2.0,PT,39.399872,-8.224454
City Hotel,Germany,No Deposit,2.0,DE,51.165691,10.451526
City Hotel,Sweden,No Deposit,4.0,SE,60.128161,18.643501
City Hotel,Germany,No Deposit,1.0,DE,51.165691,10.451526
City Hotel,Portugal,Non Refund,2.0,PT,39.399872,-8.224454
Resort Hotel,United Kingdom,No Deposit,2.0,GB,55.378051,-3.435973
City Hotel,France,No Deposit,3.0,FR,46.227638,2.213749
Resort Hotel,United Kingdom,No Deposit,2.0,GB,55.378051,-3.435973
Resort Hotel,Portugal,No Deposit,2.0,PT,39.399872,-8.224454
Resort Hotel,United Kingdom,No Deposit,2.0,GB,55.378051,-3.435973
Resort Hotel,Ireland,No Deposit,2.0,IE,53.41291,-8.24389
Resort Hotel,Portugal,No Deposit,2.0,PT,39.399872,-8.224454
Resort Hotel,Portugal,No Deposit,3.0,PT,39.399872,-8.224454
City Hotel,Portugal,No Deposit,1.0,PT,39.399872,-8.224454
City Hotel,Italy,No Deposit,2.0,IT,41.87194,12.56738
City Hotel,France,No Deposit,3.0,FR,46.227638,2.213749
City Hotel,Germany,No Deposit,1.0,DE,51.165691,10.451526
City Hotel,Netherlands,No Deposit,3.0,NL,52.132633,5.291266
Resort Hotel,Spain,No Deposit,1.0,ES,40.463667,-3.74922
City Hotel,Iceland,No Deposit,1.0,IS,64.963051,-19.020835
Resort Hotel,Portugal,No Deposit,2.0,PT,39.399872,-8.224454
Resort Hotel,Spain,No Deposit,2.0,ES,40.463667,-3.74922
City Hotel,Romania,No Deposit,2.0,RO,45.943161,24.96676
City Hotel,Netherlands,No Deposit,2.0,NL,52.132633,5.291266
Resort Hotel,United Kingdom,No Deposit,3.0,GB,55.378051,-3.435973
City Hotel,Germany,No Deposit,2.0,DE,51.165691,10.451526
City Hotel,Germany,No Deposit,2.0,DE,51.165691,10.451526
City Hotel,Portugal,Non Refund,2.0,PT,39.399872,-8.224454
City Hotel,United Kingdom,No Deposit,2.0,GB,55.378051,-3.435973
Resort Hotel,Portugal,No Deposit,1.0,PT,39.399872,-8.224454
Resort Hotel,Portugal,No Deposit,4.0,PT,39.399872,-8.224454
Resort Hotel,France,No Deposit,2.0,FR,46.227638,2.213749
Resort Hotel,United Kingdom,No Deposit,1.0,GB,55.378051,-3.435973
Resort Hotel,Portugal,No Deposit,1.0,PT,39.399872,-8.224454
Resort Hotel,Germany,No Deposit,1.0,DE,51.165691,10.451526
Resort Hotel,Portugal,No Deposit,1.0,PT,39.399872,-8.224454
Resort Hotel,United Kingdom,No Deposit,2.0,GB,55.378051,-3.435973
Resort Hotel,Portugal,Non Refund,2.0,PT,39.399872,-8.224454
City Hotel,Portugal,No Deposit,2.0,PT,39.399872,-8.224454
City Hotel,Germany,No Deposit,1.0,DE,51.165691,10.451526
City Hotel,Germany,No Deposit,2.0,DE,51.165691,10.451526
City Hotel,Spain,No Deposit,2.0,ES,40.463667,-3.74922
City Hotel,Portugal,Non Refund,2.0,PT,39.399872,-8.224454
Resort Hotel,Latvia,No Deposit,1.0,LV,56.879635,24.603189
Resort Hotel,Portugal,Non Refund,2.0,PT,39.399872,-8.224454
City Hotel,Italy,No Deposit,2.0,IT,41.87194,12.56738
Resort Hotel,Portugal,No Deposit,2.0,PT,39.399872,-8.224454
City Hotel,Italy,No Deposit,2.0,IT,41.87194,12.56738
City Hotel,Portugal,No Deposit,2.0,PT,39.399872,-8.224454
City Hotel,Germany,No Deposit,2.0,DE,51.165691,10.451526
City Hotel,United Kingdom,No Deposit,2.0,GB,55.378051,-3.435973
Resort Hotel,Portugal,No Deposit,2.0,PT,39.399872,-8.224454
City Hotel,Portugal,No Deposit,2.0,PT,39.399872,-8.224454
Resort Hotel,Ireland,No Deposit,2.0,IE,53.41291,-8.24389
City Hotel,United Kingdom,No Deposit,5.0,GB,55.378051,-3.435973
Resort Hotel,Belgium,No Deposit,2.0,BE,50.503887,4.469936
City Hotel,Netherlands,No Deposit,2.0,NL,52.132633,5.291266
Resort Hotel,France,No Deposit,1.0,FR,46.227638,2.213749
Resort Hotel,United Kingdom,Refundable,2.0,GB,55.378051,-3.435973
City Hotel,China,No Deposit,2.0,CN,35.86166,104.195397
City Hotel,Portugal,Non Refund,1.0,PT,39.399872,-8.224454
Resort Hotel,Ireland,No Deposit,2.0,IE,53.41291,-8.24389
City Hotel,Portugal,No Deposit,2.0,PT,39.399872,-8.224454
City Hotel,Italy,No Deposit,1.0,IT,41.87194,12.56738
Resort Hotel,Portugal,No Deposit,1.0,PT,39.399872,-8.224454
Resort Hotel,United Kingdom,No Deposit,2.0,GB,55.378051,-3.435973
City Hotel,Czechia,No Deposit,2.0,CZ,49.817492,15.472962
City Hotel,China,No Deposit,3.0,CN,35.86166,104.195397
City Hotel,Portugal,No Deposit,2.0,PT,39.399872,-8.224454
City Hotel,Belgium,No Deposit,3.0,BE,50.503887,4.469936
Resort Hotel,Portugal,No Deposit,2.0,PT,39.399872,-8.224454
City Hotel,Portugal,Non Refund,2.0,PT,39.399872,-8.224454
City Hotel,China,No Deposit,2.0,CN,35.86166,104.195397
City Hotel,Switzerland,No Deposit,2.0,CH,46.818188,8.227512
Resort Hotel,Portugal,No Deposit,2.0,PT,39.399872,-8.224454
City Hotel,Portugal,Non Refund,2.0,PT,39.399872,-8.224454
City Hotel,Portugal,Non Refund,1.0,PT,39.399872,-8.224454
City Hotel,France,No Deposit,4.0,FR,46.227638,2.213749
City Hotel,Croatia,No Deposit,2.0,HR,45.1,15.2
City Hotel,Portugal,No Deposit,1.0,PT,39.399872,-8.224454
Resort Hotel,United Kingdom,No Deposit,4.0,GB,55.378051,-3.435973
City Hotel,Portugal,No Deposit,2.0,PT,39.399872,-8.224454
City Hotel,Ireland,No Deposit,2.0,IE,53.41291,-8.24389
City Hotel,Portugal,No Deposit,1.0,PT,39.399872,-8.224454
Resort Hotel,United Kingdom,No Deposit,2.0,GB,55.378051,-3.435973
City Hotel,United Kingdom,No Deposit,2.0,GB,55.378051,-3.435973
City Hotel,Belgium,No Deposit,2.0,BE,50.503887,4.469936
Resort Hotel,France,No Deposit,2.0,FR,46.227638,2.213749
Resort Hotel,Portugal,No Deposit,1.0,PT,39.399872,-8.224454
City Hotel,Portugal,No Deposit,2.0,PT,39.399872,-8.224454
City Hotel,France,No Deposit,2.0,FR,46.227638,2.213749
City Hotel,Portugal,Non Refund,2.0,PT,39.399872,-8.224454
City Hotel,Switzerland,No Deposit,2.0,CH,46.818188,8.227512
City Hotel,China,No Deposit,2.0,CN,35.86166,104.195397
City Hotel,Germany,No Deposit,2.0,DE,51.165691,10.451526
City Hotel,France,No Deposit,2.0,FR,46.227638,2.213749
Resort Hotel,Netherlands,No Deposit,1.0,NL,52.132633,5.291266
Resort Hotel,Portugal,No Deposit,2.0,PT,39.399872,-8.224454
City Hotel,China,No Deposit,3.0,CN,35.86166,104.195397
City Hotel,Spain,No Deposit,1.0,ES,40.463667,-3.74922
City Hotel,China,No Deposit,3.0,CN,35.86166,104.195397
City Hotel,Norway,No Deposit,2.0,NO,60.472024,8.468946
City Hotel,France,No Deposit,1.0,FR,46.227638,2.213749
Resort Hotel,Portugal,No Deposit,1.0,PT,39.399872,-8.224454
City Hotel,United States,No Deposit,2.0,US,37.09024,-95.712891
Resort Hotel,Portugal,No Deposit,2.0,PT,39.399872,-8.224454
Resort Hotel,Portugal,No Deposit,2.0,PT,39.399872,-8.224454
City Hotel,Portugal,No Deposit,2.0,PT,39.399872,-8.224454
Resort Hotel,Portugal,No Deposit,3.0,PT,39.399872,-8.224454
City Hotel,Portugal,Non Refund,2.0,PT,39.399872,-8.224454
Resort Hotel,Portugal,No Deposit,4.0,PT,39.399872,-8.224454
City Hotel,Switzerland,No Deposit,2.0,CH,46.818188,8.227512
City Hotel,Portugal,No Deposit,3.0,PT,39.399872,-8.224454
City Hotel,United Kingdom,No Deposit,3.0,GB,55.378051,-3.435973
City Hotel,Brazil,No Deposit,2.0,BR,-14.235004,-51.92528
City Hotel,Germany,No Deposit,2.0,DE,51.165691,10.451526
City Hotel,Italy,No Deposit,2.0,IT,41.87194,12.56738
City Hotel,Portugal,Non Refund,2.0,PT,39.399872,-8.224454
City Hotel,Brazil,No Deposit,2.0,BR,-14.235004,-51.92528
Resort Hotel,Brazil,No Deposit,1.0,BR,-14.235004,-51.92528
City Hotel,United States,No Deposit,2.0,US,37.09024,-95.712891
Resort Hotel,Spain,No Deposit,2.0,ES,40.463667,-3.74922
Resort Hotel,Portugal,No Deposit,3.0,PT,39.399872,-8.224454
City Hotel,Portugal,No Deposit,1.0,PT,39.399872,-8.224454
Resort Hotel,Belgium,No Deposit,2.0,BE,50.503887,4.469936
Resort Hotel,Switzerland,No Deposit,2.0,CH,46.818188,8.227512
City Hotel,Netherlands,No Deposit,3.0,NL,52.132633,5.291266
City Hotel,Portugal,Non Refund,2.0,PT,39.399872,-8.224454
City Hotel,Poland,No Deposit,2.0,PL,51.919438,19.145136
Resort Hotel,Portugal,No Deposit,2.0,PT,39.399872,-8.224454
City Hotel,France,No Deposit,1.0,FR,46.227638,2.213749
City Hotel,Portugal,No Deposit,1.0,PT,39.399872,-8.224454
City Hotel,France,No Deposit,2.0,FR,46.227638,2.213749
City Hotel,Brazil,No Deposit,1.0,BR,-14.235004,-51.92528
Resort Hotel,United Kingdom,No Deposit,2.0,GB,55.378051,-3.435973
City Hotel,Portugal,No Deposit,2.0,PT,39.399872,-8.224454
Resort Hotel,Spain,No Deposit,2.0,ES,40.463667,-3.74922
City Hotel,Portugal,No Deposit,0.0,PT,39.399872,-8.224454
Resort Hotel,Brazil,No Deposit,2.0,BR,-14.235004,-51.92528
City Hotel,Italy,No Deposit,2.0,IT,41.87194,12.56738
City Hotel,France,No Deposit,2.0,FR,46.227638,2.213749
City Hotel,Germany,No Deposit,3.0,DE,51.165691,10.451526
Resort Hotel,Spain,No Deposit,2.0,ES,40.463667,-3.74922
City Hotel,Portugal,Non Refund,2.0,PT,39.399872,-8.224454
City Hotel,Ireland,No Deposit,2.0,IE,53.41291,-8.24389
City Hotel,Portugal,No Deposit,2.0,PT,39.399872,-8.224454
Resort Hotel,Portugal,No Deposit,1.0,PT,39.399872,-8.224454
Resort Hotel,Portugal,No Deposit,1.0,PT,39.399872,-8.224454
Resort Hotel,United Kingdom,No Deposit,3.0,GB,55.378051,-3.435973
City Hotel,Germany,No Deposit,2.0,DE,51.165691,10.451526
City Hotel,Portugal,Non Refund,1.0,PT,39.399872,-8.224454
Resort Hotel,United Kingdom,No Deposit,2.0,GB,55.378051,-3.435973
City Hotel,France,No Deposit,2.0,FR,46.227638,2.213749
City Hotel,United Kingdom,No Deposit,2.0,GB,55.378051,-3.435973
City Hotel,Portugal,No Deposit,2.0,PT,39.399872,-8.224454
Resort Hotel,United Kingdom,No Deposit,2.0,GB,55.378051,-3.435973
City Hotel,Portugal,No Deposit,1.0,PT,39.399872,-8.224454
Resort Hotel,Portugal,No Deposit,2.0,PT,39.399872,-8.224454
City Hotel,Portugal,Non Refund,2.0,PT,39.399872,-8.224454
City Hotel,France,No Deposit,2.0,FR,46.227638,2.213749
Resort Hotel,Portugal,No Deposit,2.0,PT,39.399872,-8.224454
Resort Hotel,Portugal,No Deposit,2.0,PT,39.399872,-8.224454
Resort Hotel,Austria,No Deposit,2.0,AT,47.516231,14.550072
Resort Hotel,Portugal,No Deposit,1.0,PT,39.399872,-8.224454
Resort Hotel,Spain,No Deposit,4.0,ES,40.463667,-3.74922
City Hotel,Sweden,No Deposit,1.0,SE,60.128161,18.643501
City Hotel,France,No Deposit,2.0,FR,46.227638,2.213749
Resort Hotel,France,No Deposit,4.0,FR,46.227638,2.213749
City Hotel,Portugal,No Deposit,2.0,PT,39.399872,-8.224454
Resort Hotel,Portugal,No Deposit,1.0,PT,39.399872,-8.224454
City Hotel,Portugal,No Deposit,1.0,PT,39.399872,-8.224454
City Hotel,Portugal,Non Refund,2.0,PT,39.399872,-8.224454
City Hotel,Portugal,No Deposit,2.0,PT,39.399872,-8.224454
City Hotel,United Kingdom,No Deposit,2.0,GB,55.378051,-3.435973
City Hotel,New Zealand,No Deposit,2.0,NZ,-40.900557,174.885971
Resort Hotel,Portugal,No Deposit,2.0,PT,39.399872,-8.224454
Resort Hotel,Portugal,No Deposit,2.0,PT,39.399872,-8.224454
City Hotel,Germany,No Deposit,4.0,DE,51.165691,10.451526
City Hotel,United Kingdom,No Deposit,2.0,GB,55.378051,-3.435973
Resort Hotel,Portugal,No Deposit,2.0,PT,39.399872,-8.224454
City Hotel,Lebanon,No Deposit,2.0,LB,33.854721,35.862285
City Hotel,Sweden,No Deposit,1.0,SE,60.128161,18.643501
City Hotel,Portugal,Non Refund,2.0,PT,39.399872,-8.224454
Resort Hotel,France,No Deposit,2.0,FR,46.227638,2.213749
City Hotel,Sweden,No Deposit,2.0,SE,60.128161,18.643501
City Hotel,Ireland,No Deposit,2.0,IE,53.41291,-8.24389
City Hotel,Portugal,No Deposit,2.0,PT,39.399872,-8.224454
City Hotel,Portugal,No Deposit,2.0,PT,39.399872,-8.224454
City Hotel,Portugal,No Deposit,2.0,PT,39.399872,-8.224454
Resort Hotel,France,No Deposit,3.0,FR,46.227638,2.213749
City Hotel,Portugal,Non Refund,2.0,PT,39.399872,-8.224454
City Hotel,Portugal,No Deposit,1.0,PT,39.399872,-8.224454
City Hotel,Italy,No Deposit,2.0,IT,41.87194,12.56738
City Hotel,Denmark,No Deposit,2.0,DK,56.26392,9.501785
Resort Hotel,Spain,No Deposit,2.0,ES,40.463667,-3.74922
City Hotel,France,No Deposit,2.0,FR,46.227638,2.213749
City Hotel,France,No Deposit,3.0,FR,46.227638,2.213749
Resort Hotel,Netherlands,No Deposit,2.0,NL,52.132633,5.291266
City Hotel,United Kingdom,No Deposit,1.0,GB,55.378051,-3.435973
City Hotel,Portugal,No Deposit,2.0,PT,39.399872,-8.224454
City Hotel,Finland,No Deposit,2.0,FI,61.92411,25.748151
Resort Hotel,United Kingdom,No Deposit,2.0,GB,55.378051,-3.435973
City Hotel,Brazil,No Deposit,2.0,BR,-14.235004,-51.92528
City Hotel,France,No Deposit,2.0,FR,46.227638,2.213749
City Hotel,Hungary,No Deposit,2.0,HU,47.162494,19.503304
City Hotel,Portugal,No Deposit,1.0,PT,39.399872,-8.224454
City Hotel,United Kingdom,No Deposit,2.0,GB,55.378051,-3.435973
City Hotel,France,No Deposit,2.0,FR,46.227638,2.213749
City Hotel,Spain,No Deposit,1.0,ES,40.463667,-3.74922
City Hotel,Portugal,No Deposit,2.0,PT,39.399872,-8.224454
City Hotel,Germany,No Deposit,2.0,DE,51.165691,10.451526
Resort Hotel,France,No Deposit,1.0,FR,46.227638,2.213749
Resort Hotel,Lithuania,No Deposit,1.0,LT,55.169438,23.881275
City Hotel,Croatia,No Deposit,2.0,HR,45.1,15.2
Resort Hotel,France,No Deposit,2.0,FR,46.227638,2.213749
Resort Hotel,United Kingdom,No Deposit,2.0,GB,55.378051,-3.435973
Resort Hotel,United Kingdom,No Deposit,2.0,GB,55.378051,-3.435973
Resort Hotel,United Kingdom,No Deposit,2.0,GB,55.378051,-3.435973
Resort Hotel,Portugal,No Deposit,3.0,PT,39.399872,-8.224454
City Hotel,Angola,No Deposit,1.0,AO,-11.202692,17.873887
City Hotel,Germany,No Deposit,2.0,DE,51.165691,10.451526
Resort Hotel,Portugal,No Deposit,2.0,PT,39.399872,-8.224454
City Hotel,Portugal,No Deposit,2.0,PT,39.399872,-8.224454
City Hotel,France,No Deposit,2.0,FR,46.227638,2.213749
City Hotel,Italy,No Deposit,3.0,IT,41.87194,12.56738
City Hotel,Netherlands,No Deposit,2.0,NL,52.132633,5.291266
Resort Hotel,United Kingdom,No Deposit,1.0,GB,55.378051,-3.435973
City Hotel,Sweden,No Deposit,1.0,SE,60.128161,18.643501
City Hotel,Portugal,No Deposit,1.0,PT,39.399872,-8.224454
Resort Hotel,Netherlands,No Deposit,2.0,NL,52.132633,5.291266
City Hotel,Portugal,Non Refund,2.0,PT,39.399872,-8.224454
Resort Hotel,Portugal,No Deposit,2.0,PT,39.399872,-8.224454
City Hotel,Portugal,No Deposit,2.0,PT,39.399872,-8.224454
Resort Hotel,Poland,No Deposit,2.0,PL,51.919438,19.145136
City Hotel,Romania,No Deposit,2.0,RO,45.943161,24.96676
Resort Hotel,United Kingdom,No Deposit,2.0,GB,55.378051,-3.435973
Resort Hotel,Austria,No Deposit,2.0,AT,47.516231,14.550072
City Hotel,Italy,No Deposit,3.0,IT,41.87194,12.56738
Resort Hotel,France,No Deposit,2.0,FR,46.227638,2.213749
City Hotel,Netherlands,No Deposit,2.0,NL,52.132633,5.291266
Resort Hotel,United Kingdom,No Deposit,2.0,GB,55.378051,-3.435973
City Hotel,Indonesia,No Deposit,2.0,ID,-0.789275,113.921327
City Hotel,Portugal,No Deposit,1.0,PT,39.399872,-8.224454
Resort Hotel,United Kingdom,No Deposit,2.0,GB,55.378051,-3.435973
City Hotel,Portugal,No Deposit,1.0,PT,39.399872,-8.224454
City Hotel,Portugal,No Deposit,2.0,PT,39.399872,-8.224454
Resort Hotel,Portugal,No Deposit,2.0,PT,39.399872,-8.224454
Resort Hotel,United Kingdom,No Deposit,1.0,GB,55.378051,-3.435973
Resort Hotel,Portugal,No Deposit,2.0,PT,39.399872,-8.224454
City Hotel,Sweden,No Deposit,1.0,SE,60.128161,18.643501
City Hotel,United States,No Deposit,2.0,US,37.09024,-95.712891
City Hotel,United Kingdom,No Deposit,2.0,GB,55.378051,-3.435973
City Hotel,United Kingdom,No Deposit,1.0,GB,55.378051,-3.435973
Resort Hotel,United Kingdom,No Deposit,2.0,GB,55.378051,-3.435973
City Hotel,Lithuania,No Deposit,3.0,LT,55.169438,23.881275
City Hotel,Portugal,Non Refund,2.0,PT,39.399872,-8.224454
Resort Hotel,United Kingdom,No Deposit,2.0,GB,55.378051,-3.435973
City Hotel,Portugal,Non Refund,1.0,PT,39.399872,-8.224454
City Hotel,Portugal,Non Refund,2.0,PT,39.399872,-8.224454
City Hotel,Portugal,No Deposit,3.0,PT,39.399872,-8.224454
Resort Hotel,Portugal,No Deposit,2.0,PT,39.399872,-8.224454
City Hotel,Portugal,No Deposit,2.0,PT,39.399872,-8.224454
Resort Hotel,China,No Deposit,1.0,CN,35.86166,104.195397
City Hotel,Portugal,No Deposit,2.0,PT,39.399872,-8.224454
City Hotel,Israel,No Deposit,2.0,IL,31.046051,34.851612
City Hotel,Portugal,Non Refund,2.0,PT,39.399872,-8.224454
City Hotel,Germany,No Deposit,2.0,DE,51.165691,10.451526
City Hotel,United Kingdom,No Deposit,2.0,GB,55.378051,-3.435973
City Hotel,Brazil,No Deposit,3.0,BR,-14.235004,-51.92528
City Hotel,Portugal,No Deposit,1.0,PT,39.399872,-8.224454
City Hotel,Portugal,No Deposit,2.0,PT,39.399872,-8.224454
City Hotel,United Kingdom,No Deposit,2.0,GB,55.378051,-3.435973
City Hotel,China,No Deposit,2.0,CN,35.86166,104.195397
City Hotel,Switzerland,No Deposit,2.0,CH,46.818188,8.227512
Resort Hotel,Portugal,No Deposit,2.0,PT,39.399872,-8.224454
Resort Hotel,United Kingdom,No Deposit,2.0,GB,55.378051,-3.435973
City Hotel,France,No Deposit,3.0,FR,46.227638,2.213749
City Hotel,Portugal,Non Refund,2.0,PT,39.399872,-8.224454
City Hotel,France,No Deposit,2.0,FR,46.227638,2.213749
City Hotel,United Kingdom,No Deposit,2.0,GB,55.378051,-3.435973
Resort Hotel,Portugal,No Deposit,2.0,PT,39.399872,-8.224454
City Hotel,Portugal,No Deposit,3.0,PT,39.399872,-8.224454
City Hotel,Brazil,No Deposit,2.0,BR,-14.235004,-51.92528
City Hotel,Portugal,No Deposit,1.0,PT,39.399872,-8.224454
City Hotel,Argentina,No Deposit,2.0,AR,-38.416097,-63.616672
City Hotel,Portugal,Non Refund,2.0,PT,39.399872,-8.224454
City Hotel,Italy,No Deposit,3.0,IT,41.87194,12.56738
Resort Hotel,Portugal,No Deposit,2.0,PT,39.399872,-8.224454
City Hotel,Bulgaria,No Deposit,2.0,BG,42.733883,25.48583
City Hotel,United Kingdom,No Deposit,1.0,GB,55.378051,-3.435973
City Hotel,Portugal,No Deposit,2.0,PT,39.399872,-8.224454
City Hotel,Portugal,No Deposit,4.0,PT,39.399872,-8.224454
City Hotel,Portugal,No Deposit,2.0,PT,39.399872,-8.224454
